﻿<?xml version="1.0" encoding="utf-8"?>
<extension type="module" version="3.0" client="site" method="upgrade">
		<name>Magic Point Header</name>
		<author>Magic Point</author>
		<creationDate>November 2009</creationDate>
		<copyright>Released under GNU/GPL License</copyright>
		<license>http://www.gnu.org/licenses/gpl-3.0-standalone.html</license>
		<authorEmail>info@magicpoint.org</authorEmail>
		<authorUrl>http://www.magicpoint.org/</authorUrl>
		<version>1.9.4</version>
		<description><![CDATA[<strong>Thank you for choosing MagicPoint.</strong></br><em>For support or suggestions please use ONLY the form on the support page!</em>
		<ul>
			<li><a href="http://www.magicpoint.org" target="_blank">MagicPoint Site</a></li>
			<li><a href="http://www.magicpoint.org/extensions.html" target="_blank">New Extensions</a></li>
			<li><a href="http://www.magicpoint.org/documentation.html" target="_blank">Documentation</a></li>
			<li><a href="http://shop.magicpoint.org/" target="_blank">Shop</a></li>
			<li><a href="http://www.magicpoint.org/support.html" target="_blank">Support</a></li>
		</ul>
		]]></description>
	<files>
		<filename module="mod_mph">mod_mph.php</filename>
		<filename>mph.swf</filename>
		<filename>index.html</filename>
		<folder>js</folder>
		<folder>buttons</folder>
		<folder>demo_img</folder>
		<folder>elements</folder>
		</files>
	 
	 	<config>
		<fields name="params">
		<fieldset name="basic" addfieldpath="/modules/mod_mph/elements/">
		<field type="spacer" name="spacer0" label="__________________________________________________________________________________________________________________________________________________________________________&lt;p style=&quot;color: #ffffff; background-color: #000000; text-align: center;&quot;&gt;&lt;strong&gt;Magic Point Header (version:1.9.4)&lt;/strong&gt;&lt;/p&gt;" />
	    	<field name="moduleclass_sfx" type="text" default="" label="Module Class Suffix" description="A suffix to be applied to the css class of the module (table.moduletable), this allows individual module styling" />
	    	<field name="vscript" type="radio" default="mod1" label="SWFObject script" description="Mode 1 will use a local copy. Mode 2 will use the file hosted by Google. Mode 3 will disable insertion but it will use the code.">
  			<option value="mod1">Mode 1 (Local)</option>
  			<option value="mod2">Mode 2 (Google)</option>
  			<option value="mod3">Mode 3 (Disable)</option>
			</field>
			<field name="debugMode" type="list" default="0" label="Debug Mode" >
				<option value="1">Yes</option>
  				<option value="0">No (Recommended)</option>
			</field>
		<field type="spacer" name="spacer1" label="__________________________________________________________________________________________________________________________________________________________________________&lt;p style=&quot;color: #ffffff; background-color: #1e40d6; text-align: center;&quot;&gt;&lt;strong&gt;Global settings&lt;/strong&gt;&lt;/p&gt;" />
			<field name="mphwidth" type="text" default="590" label="Global Width" description="Set the global stage width" />
			<field name="mphheight" type="text" default="300" label="Global Height" description="Set the global stage height" />
			<field name="mphtxtspd" type="text" default="2" label="Text Speed" description="Set the speed for the description text to appear on the bottom of the slides" />
			<field name="mphtxtbkcol" type="color" default="000000" label="Text BG Color" description="Text background color for the description" />
			<field name="mphtxtbkop" type="text" default="50" label="Text BG Transparency" description="Transparency of the background text region,0 = total transparency, 100 = no transparency" />
			<field name="mphprlcol" type="color" default="ffffff" label="Preloader Color" description="Preloader color before the images load" />
			<field name="mphshowbut" type="radio" default="yes" label="Buttons" description="Switch on/off navigation buttons">
			<option value="yes">Show</option>
	  		<option value="no">Hide</option>
			</field>
			<field name="mphauto" type="radio" default="1" label="Autoplay" description="Turn on the slideshow.">
	  			<option value="1">Enable</option>
	  			<option value="0">Disable</option>
			</field>
		
	<field type="spacer" name="spacer2" label="__________________________________________________________________________________________________________________________________________________________________________&lt;p style=&quot;color: #ffffff; background-color: #6EB639; text-align: center;&quot;&gt;&lt;strong&gt;Image 1 Settings&lt;/strong&gt;&lt;/p&gt;" />
			<field name="mph1" type="list" default="1" label="Show Image" >
				<option value="1">yes</option>
				<option value="2">no</option>
			</field>
			<field name="mphimg01" type="text" default="modules/mod_mph/demo_img/img1.jpg" label="Image Path" description="Set the image path" size="40"/>
		  	<field name="mphdesc01" type="textarea" default="" label="Description" description="Set the description for the slide" cols="60" rows="2" />
		  	<field name="mphtxtsize01" type="text" default="17" label="Text Size" description="Text size for description" />
		  	<field name="mphtxtcol01" type="color" default="#ff3300" label="Text Color" description="Text color for description" />
		  	
	 <field type="spacer" name="spacer3" label="__________________________________________________________________________________________________________________________________________________________________________&lt;p style=&quot;color: #000000; background-color: #cedb06; text-align: center;&quot;&gt;&lt;strong&gt;Effects&lt;/strong&gt;&lt;/p&gt;" />
			<field name="mphtrans01" type="text" default="2" label="Fade Time" description="Defines the time for the fade transition" />
		    <field name="mphstzm01" type="text" default="100" label="Start Zoom % " description="Set the starting zoom for the slide" />
		    <field name="mphendzm01" type="text" default="150" label="End Zoom % " description="Set the ending zoom for the slide" />
			<field name="mphstpos01" type="list" default="MC" label="Transition Start" description="Nine different transition start points available.">
				<option value="TL">Top left</option>
				<option value="TC">Top center</option>
				<option value="TR">Top right</option>
				<option value="ML">Middle left</option>
				<option value="MC">Middle center</option>
				<option value="MR">Middle right</option>
				<option value="BL">Bottom left</option>
				<option value="BC">Bottom center</option>
				<option value="BR">Bottom right</option>
 		 	</field>
		 	<field name="mphendpos01" type="list" default="MC" label="Transition End" description="Nine different transition end points available.">
		  		<option value="TL">Top left</option>
		  		<option value="TC">Top center</option>
		  		<option value="TR">Top right</option>
		  		<option value="ML">Middle left</option>
		  		<option value="MC">Middle center</option>
		  		<option value="MR">Middle right</option>
		  		<option value="BL">Bottom left</option>
		  		<option value="BC">Bottom center</option>
		  		<option value="BR">Bottom right</option>
			</field>
  		    <field name="mphtime01" type="text" default="2" label="Transition Time" description="Time for the transition" />

	<field type="spacer" name="spacer4" label="__________________________________________________________________________________________________________________________________________________________________________&lt;p style=&quot;color: #ffffff; background-color: #6EB639; text-align: center;&quot;&gt;&lt;strong&gt;Image 2 Settings&lt;/strong&gt;&lt;/p&gt;" />
			<field name="mph2" type="list" default="1" label="Show Image" >
				<option value="1">yes</option>
				<option value="2">no</option>
			</field>
			<field name="mphimg02" type="text" default="modules/mod_mph/demo_img/img2.jpg" label="Image Path" description="Set the image path" size="40" />
	  		<field name="mphdesc02" type="textarea" default="" label="Description" description="Set the description for the slide" cols="60" rows="2" />
	  		<field name="mphtxtsize02" type="text" default="17" label="Text Size" description="Text size for description" />
		  	<field name="mphtxtcol02" type="color" default="#ff3300" label="Text Color" description="Text color for description" />
	  		
	 <field type="spacer" name="spacer5" label="__________________________________________________________________________________________________________________________________________________________________________&lt;p style=&quot;color: #000000; background-color: #cedb06; text-align: center;&quot;&gt;&lt;strong&gt;Effects&lt;/strong&gt;&lt;/p&gt;" />
			<field name="mphtrans02" type="text" default="2" label="Fade Time" description="Defines the time for the fade transition" />
	    	<field name="mphstzm02" type="text" default="100" label="Start Zoom % " description="Set the starting zoom for the slide" />
	    	<field name="mphendzm02" type="text" default="150" label="End Zoom % " description="Set the ending zoom for the slide" />
			<field name="mphstpos02" type="list" default="TC" label="Transition Start" description="Nine different transition start points available.">
				<option value="TL">Top left</option>
				<option value="TC">Top center</option>
				<option value="TR">Top right</option>
				<option value="ML">Middle left</option>
				<option value="MC">Middle center</option>
				<option value="MR">Middle right</option>
				<option value="BL">Bottom left</option>
				<option value="BC">Bottom center</option>
				<option value="BR">Bottom right</option>
 			</field>
 	  		<field name="mphendpos02" type="list" default="BC" label="Transition End" description="Nine different transition end points available.">
				<option value="TL">Top left</option>
				<option value="TC">Top center</option>
				<option value="TR">Top right</option>
				<option value="ML">Middle left</option>
				<option value="MC">Middle center</option>
				<option value="MR">Middle right</option>
				<option value="BL">Bottom left</option>
				<option value="BC">Bottom center</option>
				<option value="BR">Bottom right</option>
			</field>
			<field name="mphtime02" type="text" default="2" label="Transition Time" description="Time for the transition" />

  	 <field type="spacer" name="spacer6" label="__________________________________________________________________________________________________________________________________________________________________________&lt;p style=&quot;color: #ffffff; background-color: #6EB639; text-align: center;&quot;&gt;&lt;strong&gt;Image 3 Settings&lt;/strong&gt;&lt;/p&gt;" />
  	 		<field name="mph3" type="list" default="1" label="Show Image" >
				<option value="1">yes</option>
				<option value="2">no</option>
			</field>
			<field name="mphimg03" type="text" default="modules/mod_mph/demo_img/img3.jpg" label="Image Path" description="Set the image path" size="40" />
	  		<field name="mphdesc03" type="textarea" default="" label="Description" description="Set the description for the slide" cols="60" rows="2" />
	  		<field name="mphtxtsize03" type="text" default="17" label="Text Size" description="Text size for description" />
		  	<field name="mphtxtcol03" type="color" default="#ff3300" label="Text Color" description="Text color for description" />
	  		
	 <field type="spacer" name="spacer7" label="__________________________________________________________________________________________________________________________________________________________________________&lt;p style=&quot;color: #000000; background-color: #cedb06; text-align: center;&quot;&gt;&lt;strong&gt;Effects&lt;/strong&gt;&lt;/p&gt;" />
			<field name="mphtrans03" type="text" default="2" label="Fade Time" description="Defines the time for the fade transition" />
	    	<field name="mphstzm03" type="text" default="100" label="Start Zoom % " description="Set the starting zoom for the slide" />
	    	<field name="mphendzm03" type="text" default="150" label="End Zoom % " description="Set the ending zoom for the slide" />
			<field name="mphstpos03" type="list" default="TR" label="Transition Start" description="Nine different transition start points available.">
				<option value="TL">Top left</option>
				<option value="TC">Top center</option>
				<option value="TR">Top right</option>
				<option value="ML">Middle left</option>
				<option value="MC">Middle center</option>
				<option value="MR">Middle right</option>
				<option value="BL">Bottom left</option>
				<option value="BC">Bottom center</option>
				<option value="BR">Bottom right</option>
 			</field>
 	  		<field name="mphendpos03" type="list" default="BL" label="Transition End" description="Nine different transition end points available.">
				<option value="TL">Top left</option>
				<option value="TC">Top center</option>
				<option value="TR">Top right</option>
				<option value="ML">Middle left</option>
				<option value="MC">Middle center</option>
				<option value="MR">Middle right</option>
				<option value="BL">Bottom left</option>
				<option value="BC">Bottom center</option>
				<option value="BR">Bottom right</option>
			</field>
			<field name="mphtime03" type="text" default="2" label="Transition Time" description="Time for the transition" />

  	 <field type="spacer" name="spacer8" label="__________________________________________________________________________________________________________________________________________________________________________&lt;p style=&quot;color: #ffffff; background-color: #6EB639; text-align: center;&quot;&gt;&lt;strong&gt;Image 4 Settings&lt;/strong&gt;&lt;/p&gt;" />
  	 		<field name="mph4" type="list" default="1" label="Show Image" >
				<option value="1">yes</option>
				<option value="2">no</option>
			</field>
			<field name="mphimg04" type="text" default="modules/mod_mph/demo_img/img4.jpg" label="Image Path" description="Set the image path" size="40" />
	  		<field name="mphdesc04" type="textarea" default="" label="Description" description="Set the description for the slide" cols="60" rows="2" />
	  		<field name="mphtxtsize04" type="text" default="17" label="Text Size" description="Text size for description" />
		  	<field name="mphtxtcol04" type="color" default="#ff3300" label="Text Color" description="Text color for description" />
	  		
	 <field type="spacer" name="spacer9" label="__________________________________________________________________________________________________________________________________________________________________________&lt;p style=&quot;color: #000000; background-color: #cedb06; text-align: center;&quot;&gt;&lt;strong&gt;Effects&lt;/strong&gt;&lt;/p&gt;" />
			<field name="mphtrans04" type="text" default="2" label="Fade Time" description="Defines the time for the fade transition" />
	    	<field name="mphstzm04" type="text" default="100" label="Start Zoom % " description="Set the starting zoom for the slide" />
	    	<field name="mphendzm04" type="text" default="150" label="End Zoom % " description="Set the ending zoom for the slide" />
			<field name="mphstpos04" type="list" default="ML" label="Transition Start" description="Nine different transition start points available.">
				<option value="TL">Top left</option>
				<option value="TC">Top center</option>
				<option value="TR">Top right</option>
				<option value="ML">Middle left</option>
				<option value="MC">Middle center</option>
				<option value="MR">Middle right</option>
				<option value="BL">Bottom left</option>
				<option value="BC">Bottom center</option>
				<option value="BR">Bottom right</option>
 			</field>
 	  		<field name="mphendpos04" type="list" default="MR" label="Transition End" description="Nine different transition end points available.">
				<option value="TL">Top left</option>
				<option value="TC">Top center</option>
				<option value="TR">Top right</option>
				<option value="ML">Middle left</option>
				<option value="MC">Middle center</option>
				<option value="MR">Middle right</option>
				<option value="BL">Bottom left</option>
				<option value="BC">Bottom center</option>
				<option value="BR">Bottom right</option>
			</field>
			<field name="mphtime04" type="text" default="2" label="Transition Time" description="Time for the transition" />

  	 <field type="spacer" name="spacer10" label="__________________________________________________________________________________________________________________________________________________________________________&lt;p style=&quot;color: #ffffff; background-color: #6EB639; text-align: center;&quot;&gt;&lt;strong&gt;Image 5 Settings&lt;/strong&gt;&lt;/p&gt;" />
  	 		<field name="mph5" type="list" default="1" label="Show Image" >
				<option value="1">yes</option>
				<option value="2">no</option>
			</field>
			<field name="mphimg05" type="text" default="modules/mod_mph/demo_img/img5.jpg" label="Image Path" description="Set the image path" size="40" />
	  		<field name="mphdesc05" type="textarea" default="" label="Description" description="Set the description for the slide" cols="60" rows="2" />
	  		<field name="mphtxtsize05" type="text" default="17" label="Text Size" description="Text size for description" />
		  	<field name="mphtxtcol05" type="color" default="#ff3300" label="Text Color" description="Text color for description" />
	  		
	 <field type="spacer" name="spacer11" label="__________________________________________________________________________________________________________________________________________________________________________&lt;p style=&quot;color: #000000; background-color: #cedb06; text-align: center;&quot;&gt;&lt;strong&gt;Effects&lt;/strong&gt;&lt;/p&gt;" />
			<field name="mphtrans05" type="text" default="2" label="Fade Time" description="Defines the time for the fade transition" />
	    	<field name="mphstzm05" type="text" default="100" label="Start Zoom % " description="Set the starting zoom for the slide" />
	    	<field name="mphendzm05" type="text" default="150" label="End Zoom % " description="Set the ending zoom for the slide" />
			<field name="mphstpos05" type="list" default="TL" label="Transition Start" description="Nine different transition start points available.">
				<option value="TL">Top left</option>
				<option value="TC">Top center</option>
				<option value="TR">Top right</option>
				<option value="ML">Middle left</option>
				<option value="MC">Middle center</option>
				<option value="MR">Middle right</option>
				<option value="BL">Bottom left</option>
				<option value="BC">Bottom center</option>
				<option value="BR">Bottom right</option>
 			</field>
 	  		<field name="mphendpos05" type="list" default="MC" label="Transition End" description="Nine different transition end points available.">
				<option value="TL">Top left</option>
				<option value="TC">Top center</option>
				<option value="TR">Top right</option>
				<option value="ML">Middle left</option>
				<option value="MC">Middle center</option>
				<option value="MR">Middle right</option>
				<option value="BL">Bottom left</option>
				<option value="BC">Bottom center</option>
				<option value="BR">Bottom right</option>
			</field>
			<field name="mphtime05" type="text" default="2" label="Transition Time" description="Time for the transition" />
  	 		</fieldset>
			<fieldset name="advanced">
		<field name="cache" type="list" default="0" label="Caching" description="Module Caching">
			<option value="0">No caching</option>
			<option value="1">Use global</option>
		</field>
		<field name="cache_time" type="text" default="900" label="Cache Time" description="The time before the module is recached" />
		<field name="admin_modified" type="hidden" default="1" />
		</fieldset>
        </fields>
    </config>
</extension>