﻿<?xml version="1.0" encoding="UTF-8"?>
	<install type="module" version="1.5.0" method="upgrade">
		<name>Magic Point Header</name>
		<author>Magic Point</author>
		<creationDate>November 2009</creationDate>
		<copyright>Released under GNU/GPL License</copyright>
		<license>http://www.gnu.org/licenses/gpl-3.0-standalone.html</license>
		<authorEmail>info@magicpoint.org</authorEmail>
		<authorUrl>http://www.magicpoint.org/</authorUrl>
		<version>1.9.4</version>
		<description><![CDATA[<strong>Thank you for choosing MagicPoint.</strong></br><em>For support or suggestions please use ONLY the form on the support page!</em>
		<ul>
			<li><a href="http://www.magicpoint.org" target="_blank">MagicPoint Site</a></li>
			<li><a href="http://www.magicpoint.org/extensions.html" target="_blank">New Extensions</a></li>
			<li><a href="http://www.magicpoint.org/documentation.html" target="_blank">Documentation</a></li>
			<li><a href="http://shop.magicpoint.org/" target="_blank">Shop</a></li>
			<li><a href="http://www.magicpoint.org/support.html" target="_blank">Support</a></li>
		</ul>
		]]></description>
	<files>
		<filename module="mod_mph">mod_mph.php</filename>
		<filename>mph.swf</filename>
		<filename>index.html</filename>
		<folder>js</folder>
		<folder>buttons</folder>
		<folder>demo_img</folder>
		<folder>elements</folder>
		</files>
	 <params addpath="/modules/mod_mph/elements/">
		 	<param type="spacer" default="&lt;p style=&quot;color: #ffffff; background-color: #000000; text-align: center;&quot;&gt;&lt;strong&gt;Magic Point Header (version:1.9.4)&lt;/strong&gt;&lt;/p&gt;" />
	    	<param name="moduleclass_sfx" type="text" default="" label="Module Class Suffix" description="A suffix to be applied to the css class of the module (table.moduletable), this allows individual module styling" />
	    	<param name="vscript" type="radio" default="mod1" label="SWFObject script" description="Mode 1 will use a local copy. Mode 2 will use the file hosted by Google. Mode 3 will disable insertion but it will use the code.">
  			<option value="mod1">Mode 1 (Local)</option>
  			<option value="mod2">Mode 2 (Google)</option>
  			<option value="mod3">Mode 3 (Disable)</option>
			</param>
			<param name="debugMode" type="list" default="0" label="Debug Mode" >
				<option value="1">Yes</option>
  				<option value="0">No (Recommended)</option>
			</param>
			<param type="spacer" default="&lt;p style=&quot;color: #ffffff; background-color: #1e40d6; text-align: center;&quot;&gt;&lt;strong&gt;Global settings&lt;/strong&gt;&lt;/p&gt;" />
			<param name="mphwidth" type="text" default="590" label="Global Width" description="Set the global stage width" />
			<param name="mphheight" type="text" default="300" label="Global Height" description="Set the global stage height" />
			<param name="mphtxtspd" type="text" default="2" label="Text Speed" description="Set the speed for the description text to appear on the bottom of the slides" />
			<param name="mphtxtbkcol" type="colorpicker" default="000000" label="Text BG Color" description="Text background color for the description" />
			<param name="mphtxtbkop" type="text" default="50" label="Text BG Transparency" description="Transparency of the background text region,0 = total transparency, 100 = no transparency" />
			<param name="mphshowbut" type="radio" default="yes" label="Buttons" description="Switch on/off navigation buttons">
			<option value="yes">Show</option>
	  		<option value="no">Hide</option>
	</param>
			<param name="mphauto" type="radio" default="1" label="Autoplay" description="Turn on the slideshow.">
	  			<option value="1">Enable</option>
	  			<option value="0">Disable</option>
	</param>
			<param type="spacer" default="&lt;p style=&quot;color: #ffffff; background-color: #6EB639; text-align: center;&quot;&gt;&lt;strong&gt;Image 1 Settings&lt;/strong&gt;&lt;/p&gt;" />
			<param name="mph1" type="list" default="1" label="Show Image" >
			<option value="1">yes</option>
			<option value="2">no</option>
			</param>
			<param name="mphimg01" type="text" default="modules/mod_mph/demo_img/img1.jpg" label="Image Path" description="Set the image path" size="40"/>
		  	<param name="mphdesc01" type="textarea" default="" label="Description" description="Set the description for the slide" cols="60" rows="2" />
		  	<param name="mphtxtsize01" type="text" default="17" label="Text Size" description="Text size for description" />
		  	<param name="mphtxtcol01" type="colorpicker" default="#ff3300" label="Text Color" description="Text color for description" />
		  	
	 <param type="spacer" default="&lt;p style=&quot;color: #000000; background-color: #cedb06; text-align: center;&quot;&gt;&lt;strong&gt;Effects&lt;/strong&gt;&lt;/p&gt;" />
			<param name="mphtrans01" type="text" default="2" label="Fade Time" description="Defines the time for the fade transition" />
		    <param name="mphstzm01" type="text" default="100" label="Start Zoom % " description="Set the starting zoom for the slide" />
		    <param name="mphendzm01" type="text" default="150" label="End Zoom % " description="Set the ending zoom for the slide" />
			<param name="mphstpos01" type="list" default="MC" label="Transition Start" description="Nine different transition start points available.">
			<option value="TL">Top left</option>
			<option value="TC">Top center</option>
			<option value="TR">Top right</option>
			<option value="ML">Middle left</option>
			<option value="MC">Middle center</option>
			<option value="MR">Middle right</option>
			<option value="BL">Bottom left</option>
			<option value="BC">Bottom center</option>
			<option value="BR">Bottom right</option>
 	</param>
		  <param name="mphendpos01" type="list" default="MC" label="Transition End" description="Nine different transition end points available.">
		  <option value="TL">Top left</option>
		  <option value="TC">Top center</option>
		  <option value="TR">Top right</option>
		  <option value="ML">Middle left</option>
		  <option value="MC">Middle center</option>
		  <option value="MR">Middle right</option>
		  <option value="BL">Bottom left</option>
		  <option value="BC">Bottom center</option>
		  <option value="BR">Bottom right</option>
	</param>
  		  <param name="mphtime01" type="text" default="2" label="Transition Time" description="Time for the transition" />
		  
		<param type="spacer" default="&lt;p style=&quot;color: #ffffff; background-color: #6EB639; text-align: center;&quot;&gt;&lt;strong&gt;Image 2 Settings&lt;/strong&gt;&lt;/p&gt;" />
		<param name="mph2" type="list" default="1" label="Show Image" >
			<option value="1">yes</option>
			<option value="2">no</option>
			</param>
		<param name="mphimg02" type="text" default="modules/mod_mph/demo_img/img2.jpg" label="Image Path" description="Set the image path" size="40" />
	  	<param name="mphdesc02" type="textarea" default="" label="Description" description="Set the description for the slide" cols="60" rows="2" />
	  	<param name="mphtxtsize02" type="text" default="17" label="Text Size" description="Text size for description" />
		<param name="mphtxtcol02" type="colorpicker" default="#ff3300" label="Text Color" description="Text color for description" />
	  	
	 <param type="spacer" default="&lt;p style=&quot;color: #000000; background-color: #cedb06; text-align: center;&quot;&gt;&lt;strong&gt;Effects&lt;/strong&gt;&lt;/p&gt;" />
		<param name="mphtrans02" type="text" default="2" label="Fade Time" description="Defines the time for the fade transition" />
	    <param name="mphstzm02" type="text" default="100" label="Start Zoom % " description="Set the starting zoom for the slide" />
	    <param name="mphendzm02" type="text" default="150" label="End Zoom % " description="Set the ending zoom for the slide" />
		<param name="mphstpos02" type="list" default="TC" label="Transition Start" description="Nine different transition start points available.">
				<option value="TL">Top left</option>
				<option value="TC">Top center</option>
				<option value="TR">Top right</option>
				<option value="ML">Middle left</option>
				<option value="MC">Middle center</option>
				<option value="MR">Middle right</option>
				<option value="BL">Bottom left</option>
				<option value="BC">Bottom center</option>
				<option value="BR">Bottom right</option>
 	</param>
 	  <param name="mphendpos02" type="list" default="BC" label="Transition End" description="Nine different transition end points available.">
				<option value="TL">Top left</option>
				<option value="TC">Top center</option>
				<option value="TR">Top right</option>
				<option value="ML">Middle left</option>
				<option value="MC">Middle center</option>
				<option value="MR">Middle right</option>
				<option value="BL">Bottom left</option>
				<option value="BC">Bottom center</option>
				<option value="BR">Bottom right</option>
	</param>
		<param name="mphtime02" type="text" default="2" label="Transition Time" description="Time for the transition" />
		
  	 <param type="spacer" default="&lt;p style=&quot;color: #ffffff; background-color: #6EB639; text-align: center;&quot;&gt;&lt;strong&gt;Image 3 Settings&lt;/strong&gt;&lt;/p&gt;" />
  	 <param name="mph3" type="list" default="1" label="Show Image" >
			<option value="1">yes</option>
			<option value="2">no</option>
			</param>
		<param name="mphimg03" type="text" default="modules/mod_mph/demo_img/img3.jpg" label="Image Path" description="Set the image path" size="40" />
	  	<param name="mphdesc03" type="textarea" default="" label="Description" description="Set the description for the slide" cols="60" rows="2" />
	  	<param name="mphtxtsize03" type="text" default="17" label="Text Size" description="Text size for description" />
		<param name="mphtxtcol03" type="colorpicker" default="#ff3300" label="Text Color" description="Text color for description" />
	  	
	 <param type="spacer" default="&lt;p style=&quot;color: #000000; background-color: #cedb06; text-align: center;&quot;&gt;&lt;strong&gt;Effects&lt;/strong&gt;&lt;/p&gt;" />
		<param name="mphtrans03" type="text" default="2" label="Fade Time" description="Defines the time for the fade transition" />
	    <param name="mphstzm03" type="text" default="100" label="Start Zoom % " description="Set the starting zoom for the slide" />
	    <param name="mphendzm03" type="text" default="150" label="End Zoom % " description="Set the ending zoom for the slide" />
		<param name="mphstpos03" type="list" default="TR" label="Transition Start" description="Nine different transition start points available.">
				<option value="TL">Top left</option>
				<option value="TC">Top center</option>
				<option value="TR">Top right</option>
				<option value="ML">Middle left</option>
				<option value="MC">Middle center</option>
				<option value="MR">Middle right</option>
				<option value="BL">Bottom left</option>
				<option value="BC">Bottom center</option>
				<option value="BR">Bottom right</option>
 	</param>
 	  <param name="mphendpos03" type="list" default="BL" label="Transition End" description="Nine different transition end points available.">
				<option value="TL">Top left</option>
				<option value="TC">Top center</option>
				<option value="TR">Top right</option>
				<option value="ML">Middle left</option>
				<option value="MC">Middle center</option>
				<option value="MR">Middle right</option>
				<option value="BL">Bottom left</option>
				<option value="BC">Bottom center</option>
				<option value="BR">Bottom right</option>
	</param>
		<param name="mphtime03" type="text" default="2" label="Transition Time" description="Time for the transition" />
		
  	 <param type="spacer" default="&lt;p style=&quot;color: #ffffff; background-color: #6EB639; text-align: center;&quot;&gt;&lt;strong&gt;Image 4 Settings&lt;/strong&gt;&lt;/p&gt;" />
  	 <param name="mph4" type="list" default="1" label="Show Image" >
			<option value="1">yes</option>
			<option value="2">no</option>
			</param>
		<param name="mphimg04" type="text" default="modules/mod_mph/demo_img/img4.jpg" label="Image Path" description="Set the image path" size="40" />
	  	<param name="mphdesc04" type="textarea" default="" label="Description" description="Set the description for the slide" cols="60" rows="2" />
	  	<param name="mphtxtsize04" type="text" default="17" label="Text Size" description="Text size for description" />
		<param name="mphtxtcol04" type="colorpicker" default="#ff3300" label="Text Color" description="Text color for description" />
	  	
	 <param type="spacer" default="&lt;p style=&quot;color: #000000; background-color: #cedb06; text-align: center;&quot;&gt;&lt;strong&gt;Effects&lt;/strong&gt;&lt;/p&gt;" />
		<param name="mphtrans04" type="text" default="2" label="Fade Time" description="Defines the time for the fade transition" />
	    <param name="mphstzm04" type="text" default="100" label="Start Zoom % " description="Set the starting zoom for the slide" />
	    <param name="mphendzm04" type="text" default="150" label="End Zoom % " description="Set the ending zoom for the slide" />
		<param name="mphstpos04" type="list" default="ML" label="Transition Start" description="Nine different transition start points available.">
				<option value="TL">Top left</option>
				<option value="TC">Top center</option>
				<option value="TR">Top right</option>
				<option value="ML">Middle left</option>
				<option value="MC">Middle center</option>
				<option value="MR">Middle right</option>
				<option value="BL">Bottom left</option>
				<option value="BC">Bottom center</option>
				<option value="BR">Bottom right</option>
 	</param>
 	  <param name="mphendpos04" type="list" default="MR" label="Transition End" description="Nine different transition end points available.">
				<option value="TL">Top left</option>
				<option value="TC">Top center</option>
				<option value="TR">Top right</option>
				<option value="ML">Middle left</option>
				<option value="MC">Middle center</option>
				<option value="MR">Middle right</option>
				<option value="BL">Bottom left</option>
				<option value="BC">Bottom center</option>
				<option value="BR">Bottom right</option>
	</param>
		<param name="mphtime04" type="text" default="2" label="Transition Time" description="Time for the transition" />
		
  	 <param type="spacer" default="&lt;p style=&quot;color: #ffffff; background-color: #6EB639; text-align: center;&quot;&gt;&lt;strong&gt;Image 5 Settings&lt;/strong&gt;&lt;/p&gt;" />
  	 <param name="mph5" type="list" default="1" label="Show Image" >
			<option value="1">yes</option>
			<option value="2">no</option>
			</param>
		<param name="mphimg05" type="text" default="modules/mod_mph/demo_img/img5.jpg" label="Image Path" description="Set the image path" size="40" />
	  	<param name="mphdesc05" type="textarea" default="" label="Description" description="Set the description for the slide" cols="60" rows="2" />
	  	<param name="mphtxtsize05" type="text" default="17" label="Text Size" description="Text size for description" />
		<param name="mphtxtcol05" type="colorpicker" default="#ff3300" label="Text Color" description="Text color for description" />
			
	 <param type="spacer" default="&lt;p style=&quot;color: #000000; background-color: #cedb06; text-align: center;&quot;&gt;&lt;strong&gt;Effects&lt;/strong&gt;&lt;/p&gt;" />
		<param name="mphtrans05" type="text" default="2" label="Fade Time" description="Defines the time for the fade transition" />
	    <param name="mphstzm05" type="text" default="100" label="Start Zoom % " description="Set the starting zoom for the slide" />
	    <param name="mphendzm05" type="text" default="150" label="End Zoom % " description="Set the ending zoom for the slide" />
		<param name="mphstpos05" type="list" default="TL" label="Transition Start" description="Nine different transition start points available.">
				<option value="TL">Top left</option>
				<option value="TC">Top center</option>
				<option value="TR">Top right</option>
				<option value="ML">Middle left</option>
				<option value="MC">Middle center</option>
				<option value="MR">Middle right</option>
				<option value="BL">Bottom left</option>
				<option value="BC">Bottom center</option>
				<option value="BR">Bottom right</option>
 	</param>
 	  <param name="mphendpos05" type="list" default="MC" label="Transition End" description="Nine different transition end points available.">
				<option value="TL">Top left</option>
				<option value="TC">Top center</option>
				<option value="TR">Top right</option>
				<option value="ML">Middle left</option>
				<option value="MC">Middle center</option>
				<option value="MR">Middle right</option>
				<option value="BL">Bottom left</option>
				<option value="BC">Bottom center</option>
				<option value="BR">Bottom right</option>
	</param>
		<param name="mphtime05" type="text" default="2" label="Transition Time" description="Time for the transition" />
		
  </params>
  <params group="advanced">
		<param name="cache" type="list" default="0" label="Caching" description="Module Caching">
			<option value="0">No caching</option>
			<option value="1">Use global</option>
		</param>
		<param name="cache_time" type="text" default="900" label="Cache Time" description="The time before the module is recached" />
		<param name="admin_modified" type="hidden" default="1" />
	</params>
</install>